{
  "brier_1x2": 0.6503736679847683,
  "calibration_home": {
    "0-0.2": 0.09484871002253703,
    "0.2-0.4": 0.037128878551983546,
    "0.4-0.6": -0.006671428762155374,
    "0.6-0.8": -0.11868913898562061,
    "0.8-1.0": -0.36430586764340755
  },
  "calibration_draw": {
    "0-0.2": 0.11160413981334255,
    "0.2-0.4": -0.04525557215986489,
    "0.4-0.6": -0.42014320284265283
  },
  "calibration_away": {
    "0-0.2": 0.16685651425978146,
    "0.2-0.4": 0.05817822967985581,
    "0.4-0.6": -0.06922158833067477,
    "0.6-0.8": -0.1445674875203814,
    "0.8-1.0": -0.28714167102806876
  }
}